Firm Name,Category,City,State,Region,Website,Focus/Sector,AUM/Fund Size,Deal Size/Criteria,Priority,Founded,Team Size,Description,Contact Email,UW Foster Relevance,Notes
Cascadia Capital,Investment Banking,Seattle,WA,PNW,cascadiacapital.com,Full-service middle-market,"~100+ employees","Founder/family-owned and PE-backed companies",1,2000,100+,"Leading independent IB; strong financial sponsor relationships; actively recruits from top schools",info@cascadiacapital.com,Direct,"Handshake recruiting; 38 interns in 2025; hires from UW Foster"
Alexander Hutton (Oaklins),Investment Banking,Seattle,WA,PNW,alexanderhutton.com,Middle-market M&A,N/A,"Privately-held PNW companies",2,1986,10-15,"231+ transactions; Oaklins global network affiliate",,Moderate,"Hires experienced bankers; occasional MBA grads via local networks"
Corum Group,Investment Banking,Seattle,WA,PNW,corumgroup.com,Technology M&A,"$20B+ wealth created","Tech companies",2,1985,N/A,"Global leader in tech M&A; 500+ transactions over 37 years",,Low,
ACT Capital Advisors,Investment Banking,Seattle,WA,PNW,actcapitaladvisors.com,"Technology, services, consumer",N/A,"Middle-market sell-side",2,1986,N/A,"96+ closed deals; market share leader in Pacific Northwest; 30+ years",,Moderate,"Occasionally hires analysts; recruits from Foster and regional MBAs"
Merit Investment Bank,Investment Banking,Seattle,WA,PNW,meritinvestmentbank.com,"Technology, manufacturing, services","$10B+ transaction value","Entrepreneur-focused",2,N/A,N/A,"20+ years experience",,Low,
iMerge Advisors,Investment Banking,Bellevue,WA,PNW,imergeadvisors.com,Tech M&A (SaaS/cloud),N/A,"$5M+ revenue companies",2,2001,N/A,"Small to mid-market tech focus",,Low,
Liberty Ridge Advisors,Investment Banking,Seattle,WA,PNW,libertyra.com,Middle-market M&A,N/A,"Family business focus",3,N/A,<10,"Top 25 by Axial (2019-2022); 23+ closed deals",,Low,
Chinook Capital Advisors,Investment Banking,Seattle,WA,PNW,chinookadvisors.com,Sell-side M&A,N/A,N/A,3,N/A,N/A,"50+ years combined experience; 100+ transactions",,Low,
Meridian Capital,Investment Banking,Seattle,WA,PNW,meridianib.com,Middle-market M&A,N/A,"$15M-$200M revenue companies",2,1999,N/A,"90+ transactions; global M&A network affiliation",,Moderate,"Regularly hires analysts from regional B-schools"
Exvere,Investment Banking,Seattle,WA,PNW,N/A,Northwest M&A,"$3B+ transaction value",N/A,3,1991,N/A,"150+ assignments",,Low,
Concord Ventures,Investment Banking,Bellevue,WA,PNW,N/A,Boutique IB,N/A,"$3M-$500M range",3,N/A,N/A,"Business sellers focus",,Low,
Global Ventures Inc.,Investment Banking,Bellevue,WA,PNW,N/A,Full-service IB,N/A,"$5M-$250M revenue; turnarounds",3,1962,N/A,,,Low,
Zachary Scott & Co.,Investment Banking,Seattle,WA,PNW,zacharyscott.com,Pacific NW M&A,N/A,"Ownership transitions",3,1991,N/A,"Direct investing capability; tailored advisory to founders",,Low,"Recruits via local business school alumni"
OneAccord Capital Advisors,Investment Banking,Seattle,WA,PNW,oneaccordcapital.com,Owner-operated businesses,N/A,"$20-200M range",3,N/A,N/A,"Partners are former CEOs/business owners",,Low,"May recruit MBAs with operating backgrounds"
Novelty Hill Capital,Investment Banking,Seattle,WA,PNW,N/A,"Consumer, industrial, tech",N/A,Middle-market,3,N/A,N/A,"Seasoned bankers",,Low,
Rainier Group,Investment Banking,Seattle,WA,PNW,N/A,Wealth management + M&A,N/A,Private company ownership,3,1988,N/A,"Integrated advisory",,Low,
Moss Adams Capital,Investment Banking,Seattle,WA,PNW,N/A,Mid-market M&A,N/A,Mid-market clients,3,N/A,N/A,"IB arm of Moss Adams accounting",,Low,
D.A. Davidson & Co.,Investment Banking,Portland,OR,PNW,dadavidson.com,"Technology, healthcare, industrials","~1,400 employees firm-wide",Full-service,1,N/A,"1,400+","Employee-owned; largest full-service IB HQ'd in PNW",,High,"Active analyst recruiting; targets Pac-12 universities"
Macadam Capital Partners,Investment Banking,Portland,OR,PNW,macadamcapital.com,Pacific Northwest middle-market,"$8B+ in transactions","300+ clients",2,1993,N/A,,,Low,
Veber Partners LLC,Investment Banking,Portland,OR,PNW,veberpartners.com,"Manufacturing, tech, healthcare",N/A,"M&A, private placements, LBOs",2,1989,N/A,"Premier private investment bank in Oregon",,Low,"Hires locally from U of Oregon, Portland State MBAs"
Alkali Partners,Investment Banking,Portland,OR,PNW,alkalipartners.com,"Technology (SaaS, InsurTech)",N/A,Boutique tech IB,3,N/A,N/A,"M&A advisory and capital raising",,Low,
Paulson Investment Company,Investment Banking,Portland,OR,PNW,paulsoninvestment.com,General middle-market,"$1.2B+ raised","175+ offerings",3,1970,N/A,"Small-cap IPOs and corporate finance",,Low,
Deal Capital Partners,Investment Banking,Portland,OR,PNW,investmentbank.com/portland,Lower middle-market M&A,N/A,"$1M-$100M revenue",3,N/A,N/A,,,Low,
Piper Group International,Investment Banking,Portland,OR,PNW,N/A,Middle-market sell-side,N/A,National,3,N/A,N/A,"40+ years old",,Low,
Bracken Lane Partners,Investment Banking,Portland,OR,PNW,brackenlanepartners.com,M&A boutique,N/A,N/A,3,N/A,N/A,,,Low,
Orca Capital,Investment Banking,Portland,OR,PNW,N/A,M&A advisory,N/A,N/A,3,N/A,N/A,"Senior principals-led",,Low,
Qatalyst Partners,Investment Banking,San Francisco,CA,Bay Area,qatalyst.com,Elite tech M&A,N/A,"Multi-billion dollar tech deals",1,2008,~50,"Founded by Frank Quattrone; LinkedIn, Skype sales",,Low,"Very selective; hires from Stanford, Berkeley"
FT Partners,Investment Banking,San Francisco,CA,Bay Area,ftpartners.com,FinTech exclusive,N/A,"FinTech startups/unicorns",1,~2002,200+,"Only IB focused exclusively on fintech; ex-Goldman bankers",,Low,"Actively recruits analysts and MBAs"
Union Square Advisors,Investment Banking,San Francisco,CA,Bay Area,usadvisors.com,Technology,N/A,"Public/private tech companies",2,2007,40-50,"Mid-market IB",,Low,"Hires MBAs from Wharton, Columbia, Haas"
Vista Point Advisors,Investment Banking,San Francisco,CA,Bay Area,vistapointadvisors.com,Software/Internet,N/A,"Founder-led software",2,N/A,N/A,"Sell-side only",,Low,
Telegraph Hill Advisors,Investment Banking,San Francisco,CA,Bay Area,telehilladvisors.com,"AI/ML, Cloud, Cyber",N/A,Emerging tech,2,N/A,N/A,"M&A and capital raising",,Low,
Nfluence Partners,Investment Banking,San Francisco,CA,Bay Area,nfluencepartners.com,TMT,N/A,"EdTech, HR Tech, Digital Health",2,2011,N/A,,,Low,
Arbor Advisors,Investment Banking,San Francisco,CA,Bay Area,arboradvisors.com,Tech,N/A,"$10-100M revenue",2,N/A,N/A,"Mid-market tech companies",,Low,
Windsor Drake,Investment Banking,San Francisco,CA,Bay Area,windsordrake.com,SaaS/Tech,N/A,High-growth tech,2,N/A,N/A,"Sell-side M&A",,Low,
Aquilo Partners,Investment Banking,San Francisco,CA,Bay Area,aquilopartners.com,Life Sciences,N/A,"M&A, capital raising, partnerships",2,N/A,N/A,"20+ years",,Low,
Piper Sandler Healthcare,Investment Banking,San Francisco,CA,Bay Area,pipersandler.com,Healthcare,N/A,"Tools/diagnostics, biopharma",2,N/A,N/A,"100+ transactions",,Low,
Stifel Healthcare,Investment Banking,San Francisco,CA,Bay Area,stifelinstitutional.com,Global Healthcare,"$79.1B raised","225+ companies",2,N/A,47,,,Low,
Wood Warren,Investment Banking,San Francisco,CA,Bay Area,woodwarren.com,Food/Bev/Agriculture,N/A,Middle-market,2,1991,N/A,,,Low,
Woodside Capital Partners,Investment Banking,Redwood City,CA,Bay Area,woodsidecap.com,Technology,N/A,Tech M&A and capital raising,2,N/A,N/A,,,Low,
Back Bay Life Science Advisors,Investment Banking,San Francisco,CA,Bay Area,bblsa.com,BioPharma/MedTech,"$23B+ transaction experience",N/A,2,N/A,N/A,,,Low,
Architect Partners,Investment Banking,Palo Alto,CA,Bay Area,N/A,"Tech M&A (fintech, cybersecurity)",N/A,N/A,3,N/A,~10,"Ex-big bank tech bankers",,Low,"Hires interns from Stanford, Santa Clara"
Stifel Technology,Investment Banking,"SF/Seattle",CA,Bay Area,N/A,"SaaS, semiconductors",N/A,Mid-sized team,2,N/A,N/A,"Former Pacific Crest Securities",,Low,"Often recruits analysts from West Coast schools"
Houlihan Lokey,Investment Banking,Century City,CA,Los Angeles,hl.com,"M&A, Restructuring, Media",N/A,"#1 Global M&A Restructuring",1,1972,"~2,500","Top-tier mid-market IB",,Low,"Actively hires from UCLA Anderson, USC Marshall"
Salem Partners,Investment Banking,Los Angeles,CA,Los Angeles,salempartners.com,Media/Entertainment,N/A,LA boutique,2,N/A,~50,"Specialty media practice",,Low,
Intrepid Investment Bankers,Investment Banking,Los Angeles,CA,Los Angeles,intrepidib.com,Middle-market M&A,N/A,"$25M-$1B valuations",2,N/A,50+,"MUFG partnership",,Low,"Hires from UCLA, Pepperdine"
Montminy & Co.,Investment Banking,Los Angeles,CA,Los Angeles,montminyco.com,"Consumer, Food, Lodging, Tech",N/A,Mergers Alliance member,2,2009,N/A,"30-year advisory heritage",,Low,
FocalPoint Partners (B. Riley),Investment Banking,Los Angeles,CA,Los Angeles,focalpointllc.com,"Aerospace, Industrials, Healthcare","$17B+ closed",N/A,2,2002,N/A,"Acquired by B. Riley 2022",,Low,
B. Riley Financial,Investment Banking,Woodland Hills,CA,Los Angeles,brileyfin.com,Full-service middle-market,N/A,"NASDAQ: RILY",2,N/A,"1,000+","IB, restructuring, wealth management",,Low,"Recruits from California schools"
Telos Advisors,Investment Banking,Los Angeles,CA,Los Angeles,telosadvisors.com,"Digital Media, eCommerce",N/A,N/A,3,N/A,~15,"Advised Warner Bros. Discovery",,Low,
Solganick & Co.,Investment Banking,Los Angeles,CA,Los Angeles,solganick.com,"Software, IT Services","$20B+ in transactions",N/A,2,2009,~20,,,Low,
ROTH Capital Partners,Investment Banking,Newport Beach,CA,Los Angeles,roth.com,"Healthcare, Biotech, Tech","$100.5B+ through 2,300+ deals",N/A,2,1984,235+,,,Low,"Recruits from UC schools"
AGRA Capital Advisors,Investment Banking,Los Angeles,CA,Los Angeles,agracapital.com,"Healthcare, Fintech",N/A,"$5M-$150M transactions",3,N/A,N/A,,,Low,
Trinity Capital LLC,Investment Banking,Los Angeles,CA,Los Angeles,N/A,"M&A, Restructuring, Valuation","$10B+ since 2000","500+ transactions",2,N/A,N/A,,,Low,
Moelis & Company,Investment Banking,Los Angeles,CA,Los Angeles,moelis.com,"M&A, Restructuring",N/A,Global boutique,1,2007,~900,"Media/entertainment and real estate in LA",,Low,"Recruits heavily from MBA programs"
Imperial Capital,Investment Banking,Los Angeles,CA,Los Angeles,imperialcapital.com,"Aerospace/defense, consumer",N/A,Full-service middle-market,2,N/A,~200,,,Low,"Targets USC, UCLA, UCI"
Rainier Partners,Private Equity,Seattle,WA,PNW,rainierpartners.com,Services businesses,$375M+,"Business, consumer, industrial, financial services",2,2019,10-15,"Lower middle-market PE; proprietary 'SUMMIT' value-creation playbook",,Direct,"Has hired pre-MBA analysts and post-MBA associates; UW MBA alumni on team"
Pike Street Capital,Private Equity,Seattle,WA,PNW,pikestreetcapital.com,"Industrial tech, manufacturing",$237M Fund I,"$10-40M equity; $30M-100M EV",2,2017,8-10,"Mid-market growth buyout",,Moderate,"Founders connected to Dartmouth Tuck"
NCA Partners,Private Equity,Seattle,WA,PNW,nwcap.com,Multiple sectors,$200M+ invested,"$25M-$250M EV",2,1992,N/A,,,Low,
Westward Partners,Private Equity,Seattle,WA,PNW,westwardpartnersllc.com,"Business services, consumer",~$250M,"$20M-$500M revenue",2,2010,~6,"34 investments, 7 exits; LMM focus",,Moderate,"Hires pre-MBA associates from regional IB; values MBA hires with Northwest ties"
Frazier Healthcare Partners,Private Equity,Seattle,WA,PNW,frazierhealthcare.com,Healthcare PE/VC,~$4.8B,"$50M-$300M equity",1,1991,60+,"Sector leader; Pharmacyclics, PCI Pharma portfolio",,High,"Actively hires MBA interns and post-MBA associates via on-campus interviews"
Montlake Capital,Private Equity,Seattle,WA,PNW,N/A,"Business products, consumer",Growth equity,"$5M-$50M revenue; $1M-$10M EBITDA",3,1999,4-5,"Growth-stage focus",,Moderate,"Occasionally takes interns from UW, Seattle U MBAs"
Flying Fish Partners,Venture Capital,Seattle,WA,PNW,N/A,AI/ML startups,~$80M Fund II,"Early-stage",3,2017,3,"AI and machine learning focus; Picnic investment",,Low,"May take MBA interns; past interns from UW"
Talon Private Capital,Private Equity,Bellevue,WA,PNW,talonprivate.com,Real estate PE,$1B+ invested,"Office, multifamily, mixed-use",2,N/A,N/A,"21%+ avg IRR",,Low,
WestRiver Group,Private Equity,Kirkland,WA,PNW,N/A,"Tech, life sciences, entertainment",N/A,"VC, PE, and credit hybrid",2,2002,N/A,"Erik Anderson (UW alumnus); Talespin investment",,Moderate,"Small core team; hires via networks"
Evergreen Pacific Partners,Private Equity,Seattle,WA,PNW,N/A,"Manufacturing, packaging, services",$425M Fund II,Mid-market buyouts,2,2003,~10,"Washington's largest home-grown PE",,Low,"Now possibly in harvesting mode"
Columbia Pacific Advisors,Private Equity,Seattle,WA,PNW,N/A,"Real estate, healthcare, venture",N/A,Multi-strategy alternative,3,N/A,N/A,,,Low,
Arable Capital Partners,Private Equity,Bellevue,WA,PNW,N/A,Agribusiness,N/A,Family-owned partnerships,3,N/A,N/A,,,Low,
Keeler Investments,Venture Capital,Seattle,WA,PNW,N/A,Sustainable economy,N/A,Pre-seed/seed,3,N/A,N/A,"Family office investment arm",,Low,"Potential for internships"
Voyager Capital,Venture Capital,Seattle/Portland,WA,PNW,voyagercapital.com,"Software, analytics, cloud",Early-stage,Seed-Series A,2,N/A,N/A,"Pacific Northwest focus",,Moderate,
Alliance of Angels,Venture Capital,Seattle,WA,PNW,N/A,PNW startups,~$6M seed fund,"Angel/seed",3,N/A,N/A,"140+ angels; small management team",,Low,"Sometimes takes MBA interns for due diligence"
Endeavour Capital,Private Equity,Portland,OR,PNW,endeavour.com,"Consumer, healthcare, industrials",~$500M funds,"$25M-$250M EV",1,1991,~20,"Flagship PE firm of Oregon; family/founder-owned focus",,Low,"Hires pre-MBA from West Coast IBs; MBAs from Stanford, Wharton for VP roles"
Riverlake Partners,Private Equity,Portland,OR,PNW,riverlakepartners.com,"Industrial, consumer manufacturing",Lower MM,"$15-$60M EV; $5-30M equity",3,2003,5-6,,,Low,
Vista Ridge Capital Partners,Private Equity,Portland,OR,PNW,vistaridgecapital.com,Diversified private capital,Fund of funds,PE funds and co-investments,3,2009,N/A,,,Low,
Gorge Holdings,Private Equity,Portland,OR,PNW,N/A,Oregon-focused,N/A,Regional PE investor,3,N/A,N/A,,,Low,
Madrona Venture Group,Venture Capital,Seattle,WA,PNW,madrona.com,"AI, ML, cloud, enterprise software",$2B+ invested,Seed-Growth,1,1995,~30,"Top regional VC; Amazon, Smartsheet, Redfin portfolio",,Direct,"Partners teach seminars at Foster; engages with venture club; hires MBA interns from UW Foster, Stanford"
Pioneer Square Labs (PSL),Venture Capital,Seattle,WA,PNW,psl.com,"Startup studio + fund",$180M Ventures + $20M Studio,Seed,2,2015,N/A,"33+ companies spun out; generative AI focus",,Moderate,"May hire MBA interns with startup experience"
Ignition Partners,Venture Capital,Bellevue,WA,PNW,N/A,Enterprise software,Early-stage,Seed-Series A,3,2000,N/A,"Co-founded by Microsoft alumni; winding down",,Low,
Maveron,Venture Capital,Seattle/SF,WA,PNW,maveron.com,Consumer brands,N/A,Seed-Series A,2,N/A,N/A,"Co-founded by Howard Schultz",,Low,
FUSE,Venture Capital,Seattle,WA,PNW,N/A,B2B software,$500K-$5M checks,Seed-A,2,N/A,N/A,"Intelligent apps, future of work",,Low,
Tola Capital,Venture Capital,Seattle,WA,PNW,tolacapital.com,"Enterprise software, data-driven tech",$5M-$20M checks,Growth,2,N/A,N/A,,,Low,
Founders' Co-op,Venture Capital,Seattle,WA,PNW,N/A,Pacific Northwest tech startups,Seed,Seed,3,N/A,N/A,,,Low,
Capria Ventures,Venture Capital,Seattle,WA,PNW,capria.vc,"AI, AgTech, Climate, EdTech, FinTech",Impact VC,Multi-stage,2,N/A,N/A,"127 portfolio companies",,Low,
Echo Health Ventures,Venture Capital,Seattle,WA,PNW,N/A,Healthcare,Healthcare,Multi-stage,2,N/A,N/A,"33 healthcare portfolio companies",,Low,
Incisive Ventures,Venture Capital,Seattle,WA,PNW,N/A,Technology,Pre-seed,Pre-seed,3,N/A,N/A,"59 portfolio companies",,Low,
Keiretsu Capital,Venture Capital,Seattle,WA,PNW,N/A,"CleanTech, HealthTech, FinTech",Angel/seed,Seed,3,N/A,N/A,"134 companies",,Low,
M12 (Microsoft Ventures),Corporate Venture,Redmond,WA,PNW,m12.vc,Enterprise software,N/A,Series A-D,1,N/A,N/A,"AI/ML, cloud, cybersecurity; 100+ companies, 15 unicorns",,Direct,"Foster interns have placed here"
Amazon Alexa Fund,Corporate Venture,Seattle,WA,PNW,N/A,"AI, voice tech, IoT",N/A,Multi-stage,1,N/A,N/A,"82 portfolio companies",,Moderate,
Climate Pledge Fund,Corporate Venture,Seattle,WA,PNW,N/A,Sustainable tech,N/A,"$2M-$50M investments",2,N/A,N/A,"Rivian, Redwood Materials investments",,Low,
W Fund,Venture Capital,Seattle,WA,PNW,N/A,UW spinouts,~$20M,N/A,1,N/A,N/A,"Managed by UW Center for Commercialization",,Direct,"Direct UW affiliation"
Pack Ventures,Venture Capital,Seattle,WA,PNW,N/A,UW spinouts and alumni,"$10M+ Fund I; $30M target Fund II",N/A,1,N/A,N/A,"29 companies invested",,Direct,"Explicit UW partnership with CoMotion Labs"
WRF Capital,Venture Capital,Seattle,WA,PNW,N/A,WA-based startups,~$5M annual,N/A,1,1996,N/A,"132 companies since 1996",,Direct,"Invests in UW spinouts"
Vulcan Capital,Family Office,Seattle,WA,PNW,N/A,"Technology, life sciences, media",Multi-billion,Late-stage VC/PE hybrid,2,N/A,N/A,"Paul Allen's family office investment arm",,Low,"Hires experienced investors; occasionally post-MBAs"
Oregon Venture Fund,Venture Capital,Portland,OR,PNW,oregonventurefund.com,Sector-agnostic,$250M under management,Multi-stage,1,N/A,N/A,"Top 10% performing globally; 79 startups; Auth0, Inpria exits",,Low,
Portland Seed Fund,Venture Capital,Portland,OR,PNW,portlandseedfund.com,"Software, climate-tech, health",$40M+ across 5 funds,"Pre-seed, Seed",2,N/A,N/A,"200+ portfolio; Auth0, ESS Inc exits",,Low,"Fellowships for local MBA students"
Elevate Capital,Venture Capital,Portland,OR,PNW,elevate.vc,Diverse founders,Multi-fund,Seed,2,N/A,N/A,"First institutional VC targeting underserved entrepreneurs",,Low,
Seven Peaks Ventures,Venture Capital,Bend,OR,PNW,sevenpeaksventures.com,"Enterprise software, digital health, AI",$28M Fund II,Early-stage,2,N/A,N/A,"DocuSign founder partner",,Low,
Rogue Venture Partners,Venture Capital,Portland,OR,PNW,roguevp.com,N/A,Seed,"$1-5M deals",2,N/A,N/A,"52 investments; 18 acquisitions",,Low,
Cascade Seed Fund,Venture Capital,Portland/Bend,OR,PNW,cascadeseedfund.com,"Work transformation, healthcare, fintech",~$1.5M sweet spot,Seed,3,N/A,N/A,,,Low,
Stargazer Ventures,Venture Capital,Portland,OR,PNW,N/A,Early-stage startups,Early/seed,Seed,3,N/A,N/A,,,Low,
Archivist Capital,Venture Capital,Portland,OR,PNW,N/A,Technology companies,Early-stage,Early,3,N/A,N/A,,,Low,
Alpine Investors,Private Equity,San Francisco,CA,Bay Area,alpineinvestors.com,"Software, Services",$18.7B,"People-driven; 850+ investments",1,N/A,N/A,"9 flagship funds",,Low,
Genstar Capital,Private Equity,San Francisco,CA,Bay Area,gencap.com,"Financial svcs, software, healthcare",$40B+,Industry-focused middle-market,1,1988,N/A,"Recruits top MBA grads from Harvard, Stanford as Associates",,Low,
Francisco Partners,Private Equity,San Francisco,CA,Bay Area,franciscopartners.com,Technology,$45B+,"Tech-focused; Verifone, GoodRx",1,N/A,N/A,"Actively recruits MBA associates from Stanford, Berkeley",,Low,
Serent Capital,Private Equity,San Francisco,CA,Bay Area,serentcapital.com,Tech/Services,~$1.5B+,Lower middle-market,1,2008,~30,"Post-MBA Associate program; targets Haas, UCLA, BYU",,Low,
Turn/River Capital,Private Equity,San Francisco,CA,Bay Area,turnrivercapital.com,B2B Software,~$400M+,Growth engineering strategy,2,2012,N/A,,,Low,
Altamont Capital Partners,Private Equity,Palo Alto,CA,Bay Area,altamontcapital.com,"Industrials, services, franchising",$4B+,"Lower-middle-market; 45+ companies",2,2010,N/A,"Ex-Goldman PE professionals; hires from Stanford, Wharton",,Low,
Mainsail Partners,Private Equity,San Francisco,CA,Bay Area,mainsailpartners.com,Software/Services,~$400M,Growth-oriented,2,N/A,N/A,,,Low,
Sumeru Equity Partners,Private Equity,San Francisco,CA,Bay Area,sumeruequity.com,Technology,~$1.1B,Middle-market tech,2,2014,N/A,"Spun from Silver Lake",,Low,
San Francisco Equity Partners,Private Equity,San Francisco,CA,Bay Area,sfequitypartners.com,Consumer products,Consumer brands,"BruMate, Jane Iredale portfolio",2,N/A,N/A,,,Low,
TSG Consumer Partners,Private Equity,San Francisco,CA,Bay Area,tsgconsumer.com,Branded consumer,Multi-billion,Market specialist,2,N/A,N/A,,,Low,
Gryphon Investors,Private Equity,San Francisco,CA,Bay Area,gryphon-inv.com,Diversified,Middle-market,Strengthening middle-market,2,N/A,N/A,,,Low,
GI Partners,Private Equity,San Francisco,CA,Bay Area,gipartners.com,"Data infrastructure, PE, RE",Multi-billion,Operational excellence focus,2,N/A,N/A,,,Low,
Friedman Fleischer & Lowe,Private Equity,San Francisco,CA,Bay Area,fflpartners.com,Multi-sector,Middle-market,"Buyouts, growth equity",2,N/A,N/A,,,Low,
Golden Gate Capital,Private Equity,San Francisco,CA,Bay Area,goldengatecap.com,Multi-sector,Multi-billion,Buyout and growth equity,2,N/A,N/A,,,Low,
JH Partners,Private Equity,San Francisco,CA,Bay Area,jhpartners.com,Consumer,Middle-market,Consumer with growth potential,2,N/A,N/A,,,Low,
Luminate Capital Partners,Private Equity,San Francisco,CA,Bay Area,luminatecap.com,Software/IT Services,N/A,Software buyouts,2,N/A,N/A,,,Low,
Pacific Lake Partners,Private Equity,San Francisco,CA,Bay Area,pacificlake.com,Search funds,$175M Fund IV,"75+ search funds",1,2009,N/A,"Pioneer search fund investor",,Low,"Stanford GSB ecosystem"
Footbridge Partners,Private Equity,Bay Area,CA,Bay Area,footbridgepartners.com,Search funds,N/A,Collaborative search fund investor,2,N/A,N/A,,,Low,
Anacapa Partners,Private Equity,California,CA,Bay Area,N/A,Search funds,N/A,"20+ years experience",2,N/A,N/A,"Jeff Stevens founded",,Low,
Shamrock Capital Advisors,Private Equity,Los Angeles,CA,Los Angeles,shamrockcap.com,"Media, entertainment, content",$6.5B,"Roy Disney family; Growth VI: $1.6B",1,1978,N/A,,,Low,
Brentwood Associates,Private Equity,West LA,CA,Los Angeles,brentwood.com,"Consumer, restaurants",$2.5B+,"Zoe's Kitchen, Lazy Dog, Chicken Salad Chick",2,1972,N/A,"Hires occasionally from UCLA/USC",,Low,
Transom Capital Group,Private Equity,El Segundo,CA,Los Angeles,N/A,Operationally-focused,~$1B+,"Lower-middle-market; complex situations",2,2008,N/A,,,Low,
Highview Capital,Private Equity,Los Angeles,CA,Los Angeles,N/A,Transformational investing,~$700M deployed,"Family-office backed; evergreen",2,N/A,N/A,,,Low,
Marlin Equity Partners,Private Equity,El Segundo,CA,Los Angeles,marlinequity.com,"Technology, healthcare",Multi-billion,Business services focus,2,N/A,N/A,,,Low,
Aurora Capital Partners,Private Equity,Los Angeles,CA,Los Angeles,N/A,Middle-market buyouts,Multi-billion,Diversified,2,N/A,N/A,,,Low,
Pacific Avenue Capital Partners,Private Equity,Los Angeles,CA,Los Angeles,pacificavenuecapital.com,Corporate divestitures,Middle-market,"Carve-outs, complex situations",2,N/A,N/A,,,Low,
Caltius Equity Partners,Private Equity,Los Angeles,CA,Los Angeles,N/A,"Business services, industrial","$10-30M investments",N/A,3,1999,N/A,,,Low,
Century Park Capital Partners,Private Equity,Los Angeles,CA,Los Angeles,N/A,Profitable companies,Middle-market,"$20M-$100M revenue",3,N/A,N/A,,,Low,
Rockwood Equity Partners,Private Equity,Los Angeles,CA,Los Angeles,rockwoodequity.com,"B2B products, regulated industries",Lower MM,Industrial focus,3,N/A,N/A,,,Low,
Kingswood Capital,Private Equity,Los Angeles,CA,Los Angeles,N/A,Operational/financial change,N/A,Transformation focus,3,N/A,N/A,,,Low,
Solis Capital Partners,Private Equity,Southern CA,CA,Los Angeles,N/A,Organizational transformation,Lower MM,N/A,3,2002,N/A,,,Low,
First Round Capital,Venture Capital,San Francisco,CA,Bay Area,firstround.com,Founder-focused,$563M,"$1-5M checks",1,N/A,N/A,,,Low,
Initialized Capital,Venture Capital,San Francisco,CA,Bay Area,initialized.com,Earliest stages,N/A,Seed,1,N/A,N/A,"Garry Tan founded",,Low,
True Ventures,Venture Capital,San Francisco,CA,Bay Area,trueventures.com,Deep hardware,$3.8B+,Pre-Seed to A,1,N/A,N/A,,,Low,
Cowboy Ventures,Venture Capital,Palo Alto,CA,Bay Area,cowboy.vc,Seed,N/A,"Strong founder network",2,N/A,N/A,,,Low,
Forerunner Ventures,Venture Capital,San Francisco,CA,Bay Area,forerunnerventures.com,E-commerce/retail,$100M+,"Birchbox, Dollar Shave Club",2,N/A,N/A,,,Low,
Blumberg Capital,Venture Capital,San Francisco,CA,Bay Area,blumbergcapital.com,"FinTech, Enterprise, SaaS",N/A,"Fundbox, CoverHound",2,N/A,N/A,,,Low,
Liquid 2 Ventures,Venture Capital,San Francisco,CA,Bay Area,liquid2.vc,Seed,N/A,"Co-founded by Joe Montana",2,N/A,N/A,,,Low,
Menlo Ventures,Venture Capital,Menlo Park,CA,Bay Area,menlovc.com,Full-stack,Multi-billion,Seed through growth,1,N/A,N/A,,,Low,
Crosslink Capital,Venture Capital,San Francisco,CA,Bay Area,crosslinkcapital.com,Enterprise/consumer,$1.3B+,"Postmates, Chime",1,1989,N/A,,,Low,
CRV (Charles River Ventures),Venture Capital,San Francisco,CA,Bay Area,crv.com,"Power to the Person",Multi-billion,N/A,1,1970,N/A,,,Low,
Mayfield Fund,Venture Capital,Menlo Park,CA,Bay Area,mayfield.com,Emerging AI focus,Multi-billion,N/A,1,N/A,N/A,"Mayfield fellows program at Stanford",,Low,
Felicis Ventures,Venture Capital,Palo Alto,CA,Bay Area,felicis.com,"Credit Karma, Plaid",$239.6M,N/A,2,N/A,N/A,,,Low,
Emergence Capital,Venture Capital,San Mateo,CA,Bay Area,emcap.com,SaaS pioneer,N/A,"ServiceMax, Gusto",1,N/A,N/A,,,Low,
Better Tomorrow Ventures,Venture Capital,San Francisco,CA,Bay Area,btv.vc,FinTech focus,$140M,N/A,2,N/A,N/A,,,Low,
FIN VC,Venture Capital,San Francisco,CA,Bay Area,finvc.co,Financial services/tech,N/A,N/A,2,N/A,N/A,,,Low,
Flourish Ventures,Venture Capital,San Francisco,CA,Bay Area,flourishventures.com,Financial services innovation,N/A,N/A,2,N/A,N/A,,,Low,
Tribe Capital,Venture Capital,San Francisco,CA,Bay Area,tribecap.co,FinTech/Crypto,N/A,Data science-driven,2,N/A,N/A,,,Low,
DCVC (Data Collective),Venture Capital,San Francisco,CA,Bay Area,dcvc.com,"AI, sustainability, robotics",$1B+,N/A,1,N/A,N/A,,,Low,
Congruent Ventures,Venture Capital,San Francisco,CA,Bay Area,congruentvc.com,Early-stage climate tech,N/A,N/A,2,N/A,N/A,,,Low,
Obvious Ventures,Venture Capital,San Francisco,CA,Bay Area,obvious.com,World-positive investing,N/A,N/A,2,N/A,N/A,,,Low,
Prelude Ventures,Venture Capital,San Francisco,CA,Bay Area,preludeventures.com,Climate/sustainability,N/A,Early-stage,2,N/A,N/A,,,Low,
G2 Venture Partners,Venture Capital,San Francisco,CA,Bay Area,g2vp.com,Climate/industrial tech,N/A,N/A,2,N/A,N/A,,,Low,
8VC,Venture Capital,San Francisco,CA,Bay Area,8vc.com,Deep tech/healthcare,N/A,"Joe Lonsdale (Palantir co-founder)",1,N/A,N/A,,,Low,
Khosla Ventures,Venture Capital,Menlo Park,CA,Bay Area,khoslaventures.com,Healthcare/tech,N/A,Vinod Khosla,1,N/A,N/A,,,Low,
Canaan Partners,Venture Capital,Menlo Park,CA,Bay Area,canaan.com,"Biopharma, digital health",$3.08B,N/A,1,N/A,N/A,,,Low,
Pivotal Life Sciences,Venture Capital,San Francisco,CA,Bay Area,pivotallifesciences.com,Drug discovery,N/A,Nan Fung Group backing,2,N/A,N/A,,,Low,
500 Global,Venture Capital,San Francisco,CA,Bay Area,500.co,"5,000+ companies",$2.7B,"80 countries; 51 unicorns",1,N/A,N/A,,,Low,
Celesta Capital,Venture Capital,Silicon Valley,CA,Bay Area,celestacap.com,"AI, semiconductors",$1B+,"100+ investments",1,N/A,N/A,,,Low,
South Park Commons,Venture Capital,San Francisco,CA,Bay Area,southparkcommons.com,Support before company formation,Pre-seed,N/A,2,N/A,N/A,,,Low,
Basis Set Ventures,Venture Capital,San Francisco,CA,Bay Area,basisset.com,AI for productivity,Seed,N/A,2,N/A,N/A,,,Low,
Upfront Ventures,Venture Capital,Santa Monica,CA,Los Angeles,upfront.com,"Digital media, SaaS",$2B+ raised,"Seed, Series A; Ring, TrueCar, GOAT, Bird",1,N/A,N/A,"MBA intern program; draws from UCLA Anderson, USC Marshall",,Low,
Greycroft,Venture Capital,Los Angeles,CA,Los Angeles,greycroft.com,"Consumer tech, AI",$3B+,"Seed-Growth; Bird, Bumble, Venmo",1,N/A,N/A,,,Low,
Crosscut Ventures,Venture Capital,Santa Monica,CA,Los Angeles,crosscut.vc,"Frontier tech: space, energy, defense",$300M+,Seed,1,N/A,N/A,"Largest LA seed fund; Ventures Fellows with UCLA/USC",,Low,
Wonder Ventures,Venture Capital,Los Angeles,CA,Los Angeles,N/A,"Backed nearly all LA unicorns",Pre-seed,"$250K-$500K checks",2,N/A,N/A,,,Low,
Bonfire Ventures,Venture Capital,Los Angeles,CA,Los Angeles,N/A,B2B tech,Seed,"#3 Founder's Choice 2022",2,N/A,N/A,,,Low,
Mucker Capital,Venture Capital,Santa Monica,CA,Los Angeles,N/A,LA-focused,Seed,Accelerator and fund,2,N/A,N/A,,,Low,
Fika Ventures,Venture Capital,Los Angeles,CA,Los Angeles,N/A,"Data, AI, automation, fintech",Seed,N/A,2,N/A,N/A,,,Low,
MaC Venture Capital,Venture Capital,Los Angeles,CA,Los Angeles,N/A,"Consumer, FinTech, EdTech, Digital Health",Pre-seed-B,Seed-A,2,N/A,N/A,,,Low,
March Capital,Venture Capital,Santa Monica,CA,Los Angeles,N/A,"Enterprise, AI, Security",Early/Growth,Multi-stage,2,N/A,N/A,,,Low,
Fifth Wall,Venture Capital,Los Angeles,CA,Los Angeles,N/A,Real estate technology (proptech),$1B+,Multi-stage,1,N/A,N/A,"Hires MBAs with real estate backgrounds from Wharton, Columbia",,Low,
The Chernin Group (TCG),Venture Capital,Los Angeles,CA,Los Angeles,N/A,"Media, entertainment, consumer",N/A,Multi-stage,2,N/A,N/A,,,Low,
Elysian Park Ventures,Venture Capital,Los Angeles,CA,Los Angeles,N/A,Sports tech,N/A,Multi-stage,2,N/A,N/A,"Dodgers ownership linked",,Low,
Tech Coast Angels,Venture Capital,Orange County/LA,CA,Los Angeles,N/A,Angel/Seed,N/A,Seed,2,N/A,425+,"Largest angel group",,Low,
Act One Ventures,Venture Capital,Los Angeles,CA,Los Angeles,N/A,"E-commerce infrastructure, vertical SaaS","Pre-seed, Seed",Seed,2,N/A,N/A,,,Low,
Slauson & Co.,Venture Capital,Los Angeles,CA,Los Angeles,N/A,"Diverse founders, community focus",Seed,Seed,2,N/A,N/A,,,Low,
Science Ventures,Venture Capital,Santa Monica,CA,Los Angeles,N/A,Incubator,Incubator/Seed,Seed,2,N/A,N/A,"Created Dollar Shave Club",,Low,
Silver Creek Capital Management,Hedge Fund,Seattle,WA,PNW,silvercreekcapital.com,Fund of funds,$10B+,"Alternative asset manager; 25+ year history",2,N/A,N/A,,,Low,
Parametric Portfolio Associates,Hedge Fund,Seattle,WA,PNW,N/A,Quantitative,$8.9B,"Systematic equity, alternative risk premia; Eaton Vance/Morgan Stanley",2,N/A,100+,"Recruits UW and West Coast grads for research roles",,Moderate,
Euclidean Technologies,Hedge Fund,Seattle,WA,PNW,N/A,ML-based equity,~$136M,Converted to ETF structure,3,N/A,N/A,,,Low,
Russell Investments,Asset Manager,Seattle,WA,PNW,russellinvestments.com,Manager-of-managers,N/A,Indexes and alternatives,2,N/A,N/A,"Hires MBAs via CFA community or UW connections",,Moderate,
Cascade Investment,Family Office,Seattle,WA,PNW,N/A,Value investing,N/A,"Bill Gates family office",2,N/A,N/A,"Occasionally hires MBA grads for public equities team",,Low,"Very selective; requires top credentials"
J E Moody & Company,Hedge Fund,Portland,OR,PNW,jemoody.com,Quantitative CTA,N/A,"2021 HFM US Quant Award; physics PhD founder",2,N/A,N/A,,,Low,
Eight Bridges Capital Management,Hedge Fund,Portland,OR,PNW,eightbridges.com,Long/short hedged,N/A,US opportunistic investments,3,N/A,N/A,,,Low,
Tygh Capital Management,Hedge Fund,Portland,OR,PNW,tyghcap.com,Alternative,N/A,N/A,3,N/A,N/A,,,Low,
Farallon Capital,Hedge Fund,San Francisco,CA,Bay Area,faralloncapital.com,Multi-strategy,$40B+,"Credit, equity, real estate",1,1986,200+,"Tom Steyer founded; Stanford GSB network",,Low,
ValueAct Capital,Hedge Fund,San Francisco,CA,Bay Area,valueact.com,Activist investing,$16B+,"ESG focus; takes board seats",1,N/A,~20,"Hires pre-MBA analysts and occasionally MBA grads",,Low,
Dodge & Cox,Asset Manager,San Francisco,CA,Bay Area,dodgeandcox.com,Value-oriented,$300B+,Equity and fixed income,1,N/A,N/A,"Recruits MBA grads from Stanford, Berkeley",,Low,
Woodline Partners,Hedge Fund,San Francisco,CA,Bay Area,woodlinepartners.com,Fundamental L/S equity,N/A,Tech-driven analytics,2,N/A,N/A,,,Low,
Two Sigma (SF Office),Hedge Fund,San Francisco,CA,Bay Area,twosigma.com,Quantitative,$60B+,Major SF presence,1,N/A,N/A,,,Low,
Point72 (SF Office),Hedge Fund,San Francisco,CA,Bay Area,point72.com,Multi-strategy,$35B+,Steve Cohen's fund,1,N/A,N/A,,,Low,
Oaktree Capital Management,Hedge Fund/PE,Los Angeles,CA,Los Angeles,oaktreecapital.com,"Distressed debt, credit, PE, real estate",$169B,N/A,1,1995,N/A,"Howard Marks co-founded; MBA associate program from Wharton, UCLA",,Low,
DoubleLine Capital,Hedge Fund,Los Angeles,CA,Los Angeles,N/A,"Fixed income, credit",$90B+,N/A,1,2009,N/A,,,Low,
Canyon Capital Advisors,Hedge Fund,Los Angeles,CA,Los Angeles,N/A,"Value-oriented, event-driven, distressed",$13.5B+,N/A,1,N/A,N/A,"Hires MBAs for research roles from UCLA Anderson, USC",,Low,
TCW Group,Asset Manager,Los Angeles,CA,Los Angeles,N/A,"Fixed income, equity, alternatives",$200B+,N/A,1,1971,N/A,"Recruits MBA grads from Anderson for fixed-income research",,Low,
Empyrean Capital,Hedge Fund,Los Angeles,CA,Los Angeles,N/A,Multi-strategy,N/A,Goldman vets founded,2,2004,N/A,,,Low,
Universa Investments,Hedge Fund,Los Angeles,CA,Los Angeles,N/A,Tail risk,N/A,Nassim Taleb's Black Swan fund,2,N/A,N/A,,,Low,
Kayne Anderson,Hedge Fund,Los Angeles,CA,Los Angeles,N/A,"Energy infrastructure, real estate, credit",$33B+,N/A,1,N/A,N/A,,,Low,
Beach Point Capital,Hedge Fund,Los Angeles,CA,Los Angeles,N/A,Credit,Credit,N/A,2,N/A,N/A,,,Low,
Post Advisory Group,Hedge Fund,Los Angeles,CA,Los Angeles,N/A,"High yield, distressed",Credit,N/A,2,N/A,N/A,,,Low,
Cercano Management,Family Office,Bellevue,WA,PNW,N/A,UHNW families,$10-10.5B,"Spun from Paul Allen's Vulcan Capital; largest position: Microsoft",2,N/A,N/A,,,Low,
Brighton Jones,Family Office,Seattle,WA,PNW,brightonjones.com,UHNW,N/A,"Amazon, Boeing, Microsoft exec comp expertise",3,N/A,N/A,,,Low,
Caprock,Family Office,Mercer Island,WA,PNW,caprock.com,"UHNW, impact strategies",N/A,Multi-family office,3,N/A,N/A,,,Low,
Bessemer Trust (Seattle),Family Office,Seattle,WA,PNW,bessemertrust.com,UHNW,N/A,"118+ year history",3,N/A,N/A,,,Low,
BNY Wealth (Seattle),Family Office,Seattle,WA,PNW,bny.com/wealth,"Business owner transitions, family offices",N/A,N/A,3,N/A,N/A,,,Low,
The Clarius Group,Family Office,Seattle,WA,PNW,clariusgroup.com,Intergenerational wealth,N/A,Shared family office,3,N/A,N/A,,,Low,
Hoban Family Office,Family Office,Seattle,WA,PNW,hobanfamilyoffice.com,Real estate focus,$5B+ managed,N/A,3,N/A,N/A,,,Low,
Ferguson Wellman Capital Management,Family Office,Portland,OR,PNW,fergusonwellman.com,Employee-owned,$8.9B,"1,026 clients; CNBC Top 100 (#10 in 2024)",2,1975,N/A,,,Low,
Octavia Group,Family Office,Portland,OR,PNW,N/A,Private family office,N/A,"$10M minimum; Ferguson Wellman division",3,N/A,N/A,,,Low,
Becker Capital Management,Family Office,Portland,OR,PNW,beckercap.com,ESG/impact focus,~$5B,"Also Seattle, Bend, Boise",2,1976,N/A,,,Low,
Vista Capital Partners,Family Office,Portland,OR,PNW,N/A,"Wealth management, financial planning",N/A,N/A,3,N/A,N/A,,,Low,
Campbell Global,Family Office,Portland,OR,PNW,N/A,Timberland investment,N/A,Specialist,3,1981,N/A,,,Low,
RVK Inc.,Family Office,Portland,OR,PNW,N/A,Investment consulting,N/A,Institutions,3,1985,N/A,,,Low,
ICONIQ Capital,Family Office,San Francisco,CA,Bay Area,iconiqcapital.com,Multi-family office,N/A,"Early Facebook executives; tech entrepreneurs",1,2011,N/A,,,Low,
Fremont Group,Family Office,San Francisco,CA,Bay Area,N/A,Bechtel Family SFO,N/A,"Industrials, life sciences, tech",2,N/A,N/A,,,Low,
Dolby Family Ventures,Family Office,San Francisco,CA,Bay Area,N/A,Tech VC,N/A,"Ray Dolby family; digital media, security, cloud",2,N/A,N/A,,,Low,
Baruch Future Ventures,Family Office,San Francisco,CA,Bay Area,N/A,Climate/VC,N/A,"Tom Baruch; clean energy, food, water",2,N/A,N/A,,,Low,
Cresset Capital,Family Office,San Francisco,CA,Bay Area,cressetcapital.com,UHNW MFO,N/A,"True fiduciary; private investment access",2,N/A,N/A,"Two-year post-MBA Rotational Analyst program",,Low,
Callan Family Office,Family Office,San Francisco,CA,Bay Area,callanfamilyoffice.com,UHNW,N/A,"Callan LLC partnership; institutional-grade",2,N/A,N/A,,,Low,
Bessemer Trust (SF),Family Office,San Francisco,CA,Bay Area,bessemertrust.com,UHNW,N/A,"118+ year history",3,N/A,N/A,,,Low,
Willcrest Partners,Family Office,San Francisco,CA,Bay Area,willcrest.com,B2B services,N/A,"Family office backed; $1-5M EBITDA companies",2,N/A,N/A,,,Low,
Guggenheim Partners,Family Office,Santa Monica,CA,Los Angeles,N/A,"Investment management, family office",$285B+,N/A,1,N/A,N/A,,,Low,
Core Family Office,Family Office,Los Angeles,CA,Los Angeles,N/A,UHNW,N/A,"Tax strategy, investments, lifestyle management",3,N/A,N/A,,,Low,
Rockefeller Global Family Office,Family Office,Los Angeles,CA,Los Angeles,N/A,MFO,N/A,Expanding LA presence,2,N/A,N/A,,,Low,
UBS Private Family Wealth Partners,Family Office,Los Angeles,CA,Los Angeles,N/A,Entertainment clientele,$40B+,Family office resources,2,N/A,N/A,,,Low,
Morgan Stanley Graystone West LA,Family Office,Los Angeles,CA,Los Angeles,N/A,MFO services,N/A,"Hedge fund access, PE access",2,N/A,N/A,,,Low,
HCVT,Family Office,West LA/Encino,CA,Los Angeles,N/A,Business management,N/A,Media & entertainment focus,3,N/A,N/A,,,Low,
Sorenson Capital,Private Equity,Salt Lake City,UT,Mountain West,N/A,"Tech, healthcare, climate tech",~$1.0B,"Growth-stage and small buyouts",2,N/A,N/A,"Regional leader; invests in Silicon Slopes companies",,Low,"Actively hires BYU Marriott MBAs and ex-consultants"
Peterson Partners,Private Equity,Salt Lake City,UT,Mountain West,N/A,"Consumer, services, search funds",N/A,"Lower-middle-market PE and venture",2,N/A,N/A,"Founded by Joel Peterson (ex-Blackstone); strong BYU network; Search Fund incubator",,Low,"Hires pre-MBA analysts (often BYU grads) and occasionally MBA associates"
Mercato Partners,Private Equity,Salt Lake City,UT,Mountain West,N/A,"Tech, branded consumer (Traverse, Savory)",N/A,"Growth equity",2,2007,N/A,"Stance, Cotopaxi investments; Traverse (growth), Alpha (secondaries), Savory (F&B)",,Low,"Recruits associates with finance backgrounds; considers MBA hires with operational experience"
Kickstart Fund,Venture Capital,Salt Lake City,UT,Mountain West,N/A,"Mountain West startups",~$220M,"Seed-stage",2,N/A,~10,"Most active seed VC in Utah; 100+ startups backed",,Low,"Often hires recent grads or MBA interns from BYU/Utah"
Tower Arch Capital,Private Equity,Draper,UT,Mountain West,N/A,"Family-owned businesses",N/A,"Lower middle-market control",2,N/A,N/A,"Inc. Founder-Friendly list; 2-year associate commitments from IB analysts",,Low,"Active recruiter of associates"
Pelion Venture Partners,Venture Capital,Salt Lake City,UT,Mountain West,N/A,"Enterprise software, internet",~$600M,"Early-stage",2,1986,~10,"Divvy, Riverbed portfolio; spun from Novell",,Low,"Occasionally hires pre-MBA analysts (U of Utah grads)"
Crewe Capital,Investment Banking,Salt Lake City,UT,Mountain West,crewe.com,"M&A, private capital advisory",N/A,"Middle-market",3,N/A,N/A,"Focus on Utah's growth companies; taps BYU Marriott network",,Low,
Class VI Partners,Investment Banking,Denver,CO,Mountain West,classvipartners.com,"M&A, exit planning",N/A,"Mid-market",2,N/A,N/A,"Also serves Utah companies; CU Boulder/BYU MBAs on team",,Low,
SDR Ventures,Investment Banking,Denver,CO,Mountain West,sdrventures.com,"Agribusiness, manufacturing, healthcare",N/A,"Sell-side M&A for entrepreneur-owned",2,N/A,N/A,"Recruits analysts from Colorado universities",,Low,
W.G. Nielsen & Co.,Investment Banking,Denver,CO,Mountain West,wgnielsen.com,"Mid-market M&A",N/A,"Middle-market company sales",3,N/A,N/A,"Founded by former Boettcher bankers; very small; hires via networks",,Low,
Excellere Partners,Private Equity,Denver,CO,Mountain West,N/A,"Healthcare, industrial",~$730M,"Founder-led companies",2,2006,N/A,"Recruits associates with IB/consulting backgrounds; MBA hiring from Rockies schools",,Low,
Mountaingate Capital,Private Equity,Denver,CO,Mountain West,N/A,"Marketing services, business services",~$300M,"Lower middle-market",2,N/A,~15,"Spun out of KRG Capital; hires pre-MBA associates from Denver IBs",,Low,
Grey Mountain Partners,Private Equity,Boulder,CO,Mountain West,N/A,"Industrial companies",N/A,"Lower middle-market",3,2003,N/A,"Acquires underperforming industrial companies; small team",,Low,"Opportunistic MBA hiring"
Bow River Capital,Private Equity,Denver,CO,Mountain West,N/A,"Industrial services, healthcare, software",N/A,"Multi-strategy alternative asset manager",2,N/A,N/A,"Launched Evergreen Fund for individual investors; RailPros acquisition",,Low,
Platte River Equity,Private Equity,Denver,CO,Mountain West,N/A,"Industrial, aerospace, chemical",N/A,"Lower middle-market",2,2006,N/A,"Inc. Founder-Friendly Investors list (2022-2024)",,Low,
KSL Capital Partners,Private Equity,Denver,CO,Mountain West,N/A,"Travel and Leisure",Multi-billion,"Ski resorts, luxury hotels",1,N/A,N/A,"Owns iconic ski resorts and hotel chains; recruits hospitality-focused bankers",,Low,
Janus Henderson Investors,Asset Manager,Denver,CO,Mountain West,N/A,"Equity, fixed income",N/A,"Multi-strategy",1,N/A,N/A,"Anchor of Denver financial community; research associate program; hires CU Denver MBAs",,Low,
ArrowMark Partners,Hedge Fund,Denver,CO,Mountain West,N/A,"Leveraged loans, equity, CLOs",$20B+,"Alternative",2,N/A,N/A,"Hires analysts and MBA grads for credit research; recruits from DU Daniels",,Low,
Foundry Group,Venture Capital,Boulder,CO,Mountain West,N/A,"Early-stage tech",~$1B,"Seed/Series A",2,N/A,N/A,"Brad Feld's firm; venture fellows through CU Boulder; no formal MBA hiring",,Low,
Access Venture Partners,Venture Capital,Denver,CO,Mountain West,N/A,"Enterprise software",N/A,"Mid-sized",3,N/A,3-4,"Sometimes takes interns from DU/CU",,Low,
Techstars,Venture Capital/Accelerator,Boulder,CO,Mountain West,N/A,"Accelerators globally",N/A,"Seed",2,N/A,N/A,"Hires program managers - often MBA grads with startup passion",,Low,
Montage Partners,Private Equity,Scottsdale,AZ,Southwest,N/A,"People-First Private Equity","$1.5M-$7M EBITDA","Lower middle-market",2,N/A,N/A,"Active Associate recruiter; hires from Stephens, Platte River, Wharton",,Low,
Grayhawk Capital,Venture Capital,Phoenix,AZ,Southwest,N/A,"B2B SaaS, Healthcare IT, Cybersecurity",N/A,"Early-stage",2,N/A,N/A,"Longest-tenured venture firm in Arizona; Picmonic investment",,Low,
Pinewell Capital,Private Equity,Scottsdale,AZ,Southwest,N/A,"Manufacturing, industrial services",N/A,"Lower middle-market",3,N/A,N/A,"Hands-on operational improvements; sector-agnostic",,Low,
Tallwave Capital,Venture Capital,Phoenix,AZ,Southwest,N/A,"Seed-stage software",~$15M,"Seed",3,N/A,N/A,"Small fund; hires via network",,Low,
Northrim Horizon,Private Equity,Mesa,AZ,Southwest,N/A,"Permanent Capital",N/A,"Micro-PE",3,N/A,N/A,"Holds businesses indefinitely; appeals to legacy-minded founders",,Low,
Persient Capital,Investment Banking,Phoenix,AZ,Southwest,persient.com,"M&A advisory",N/A,"Mid-sized companies",3,N/A,N/A,"Helps mid-sized AZ companies sell or raise capital",,Low,
Bridgepoint Investment Banking,Investment Banking,Omaha,NE,Midwest,N/A,"Agribusiness, energy, Midwest companies",N/A,"M&A and capital raising",2,N/A,N/A,"Occasionally hires local finance talent (Nebraska, Creighton grads)",,Low,
McCarthy Capital,Private Equity,Omaha,NE,Midwest,N/A,"Growth-oriented companies",$30-125M investments,"Middle-market",2,1986,~20,"Omaha Steaks, Medaxion portfolio; long-term partnership focus",,Low,"Hires analysts (Creighton/Nebraska grads) and MBA associates"
First Capital Partners,Private Equity,Omaha,NE,Midwest,N/A,"Mezzanine debt and equity","$10-100M revenue companies","Junior capital",3,2006,~8,"BedJet, NeoSystems portfolio; flexible capital for expansions",,Low,"Hires candidates with credit analysis/banking background"
Percipio Partners,Private Equity,Omaha,NE,Midwest,N/A,"Multifamily RE, farmland, venture",N/A,"Multi-family office style",3,2008,N/A,"Broad asset class approach; hires via personal network",,Low,
Panorama Point Partners,Private Equity,Omaha,NE,Midwest,N/A,"Healthcare, software, impact",N/A,"Expansion-stage",2,N/A,5-6,"Founder managed ~$5B at Capricorn (Jeff Skoll's firm); impact-focused",,Low,"Seeks candidates with finance and impact investing experience"
Weitz Investment Management,Asset Manager,Omaha,NE,Midwest,weitzinvestments.com,"Value-oriented",~$4B,"Long-term stock picking",2,N/A,N/A,"Omaha's other Warren; Buffett-style value investing",,Low,"Hires analysts with deep fundamental research skills; MBA/CFA common"
Bird Dog Equity Partners,Private Equity,Sioux Falls,SD,Midwest,N/A,"Midwest companies (franchised restaurants, industrial)",N/A,"Lower-mid-market",3,N/A,N/A,"Founded by SD entrepreneurs; hires sporadically (USD, SDSU alumni)",,Low,
Bluestem Capital,Private Equity,Sioux Falls,SD,Midwest,N/A,"Regional businesses, venture",~$150M,"Middle-market",3,1993,N/A,"May hire interns from USD; small investment staff",,Low,
South Dakota Trust Company,Trust Company,Sioux Falls,SD,Midwest,sdtrustco.com,"Trust administration for UHNW",$100B+ administered,"1000+ trusts",2,2002,~80,"Leader in trust admin; also SDTC Direct for alternatives",,Low,"Hires trust officers (JD/CFP) and family office investment analysts"
William Blair,Investment Banking,Chicago,IL,Midwest,N/A,"Middle-market M&A, equity research","~1700 employees","Full-service middle-market",1,N/A,N/A,"Leading middle-market IB; recruits MBAs from Booth/Kellogg",,Low,
Lincoln International,Investment Banking,Chicago,IL,Midwest,N/A,"Mid-market M&A specialist",N/A,"Middle-market",1,N/A,N/A,"Global offices; actively hires analysts and MBA associates (Chicago, Northwestern)",,Low,
Mesirow Financial,Investment Banking,Chicago,IL,Midwest,mesirow.com,"Family-owned business sales",N/A,"Mid-market",2,N/A,N/A,"Recruits experienced professionals; some MBAs",,Low,
Loop Capital,Investment Banking,Chicago,IL,Midwest,N/A,"Public finance, advisory",N/A,"Full-service",2,N/A,N/A,"Minority-owned; recruits from local universities",,Low,
GTCR,Private Equity,Chicago,IL,Midwest,N/A,"TMT, healthcare, fintech",$7B+,"Middle/upper-middle market",1,1980,N/A,"Leaders Strategy (backing experienced CEOs); recruits top MBAs (Booth, Kellogg, HBS)",,Low,
Madison Dearborn Partners,Private Equity,Chicago,IL,Midwest,N/A,"Communications, consumer, health, industrial",~$28B,"Middle/upper-middle market buyouts",1,N/A,N/A,"Regularly hires MBA associates (2-3 years IB); strong Booth ties",,Low,
Shore Capital Partners,Private Equity,Chicago,IL,Midwest,N/A,"Micro-cap healthcare, food, business services",~$600M,"Lower middle-market",1,N/A,N/A,"Very active dealmaker (platform + add-ons); hires pre-MBA analysts and post-MBA VPs",,Low,
Kinzie Capital Partners,Private Equity,Chicago,IL,Midwest,N/A,"Consumer, manufactured products, fintech",N/A,"Lower middle-market",3,N/A,N/A,"Female-founded; runs accelerator for portfolio ops; recruits locally",,Low,
Water Street Healthcare Partners,Private Equity,Chicago,IL,Midwest,N/A,"Healthcare exclusively",N/A,"Mid-market",2,N/A,N/A,"Often hires healthcare industry experience + MBA",,Low,
Chicago Ventures,Venture Capital,Chicago,IL,Midwest,N/A,"Chicago and Midwest startups",~$100M,"Seed",2,N/A,~8,"Engages with UChicago and Kellogg; associate program",,Low,
M25,Venture Capital,Chicago,IL,Midwest,N/A,"Midwest startups exclusively",~$30M,"Micro-VC",2,N/A,N/A,"Invests across 12 Midwest states; hires interns from local MBA programs",,Low,
Lightbank,Venture Capital,Chicago,IL,Midwest,N/A,"Disruptive tech",N/A,"Early-stage",2,N/A,5-6,"Founded by Groupon co-founders; networking with Booth entrepreneurs",,Low,
Hyde Park Venture Partners,Venture Capital,Chicago,IL,Midwest,N/A,"Seed-Series A Midwest",$250M,"Seed-A",2,N/A,N/A,"Data-driven investing; offers MBA internships (Kellogg VC Lab, Booth PE/VC lab)",,Low,
Pritzker Group,Private Equity/VC,Chicago,IL,Midwest,N/A,"Venture capital and middle-market PE",N/A,"Multi-strategy",1,N/A,N/A,"Family office with VC and PE arms; MBA fellowship and post-MBA associate hiring",,Low,
Cresset Capital (Chicago),Family Office,Chicago,IL,Midwest,cressetcapital.com,"UHNW multi-family office",N/A,"Private investments",1,N/A,N/A,"Two-year post-MBA Rotational Analyst program; fast-growing",,Low,
Harrison Street,Private Equity,Chicago,IL,Midwest,N/A,"Real estate alt asset manager",N/A,"Real estate PE",2,N/A,N/A,"Started as family office; recruits MBAs for real estate PE roles",,Low,
Piper Sandler,Investment Banking,Minneapolis,MN,Midwest,pipersandler.com,"Healthcare, industrials, consumer",N/A,"Top middle-market bank",1,N/A,N/A,"Strong regional recruiter (U of Minnesota, Carlson grads)",,Low,
Norwest Equity Partners,Private Equity,Minneapolis,MN,Midwest,N/A,"Consumer, industrial, agri-business",N/A,"Middle-market buyouts",2,N/A,N/A,"Long-standing Minneapolis PE; hires from Piper/Wells Fargo and Kellogg, Carlson",,Low,
ShoreView Industries,Private Equity,Minneapolis,MN,Midwest,N/A,"Niche manufacturing/services",N/A,"Middle-market",3,N/A,N/A,"Lean team; some Carlson MBA alums",,Low,
Tonka Bay Equity Partners,Private Equity,Minneapolis,MN,Midwest,N/A,"Midwest companies","$5-25M investments","Lower mid-market",3,N/A,N/A,"Small team; hires via local connections",,Low,
Arthur Ventures,Venture Capital,Minneapolis/Fargo,MN,Midwest,N/A,"B2B software in non-coastal markets",N/A,"Early-growth",2,N/A,N/A,"Often hires associates from undergrad or industry; open to MBAs with product/tech",,Low,
Matchstick Ventures,Venture Capital,Minneapolis,MN,Midwest,N/A,"Rockies & North region startups",N/A,"Seed",3,N/A,N/A,"Run by Techstars alumni; engages with U of Minnesota for interns",,Low,
Whitebox Advisors,Hedge Fund,Minneapolis,MN,Midwest,N/A,"Credit and equity strategies",~$5B,"Multi-strategy",2,N/A,N/A,"Founded by Andy Redleaf; has hired UMN Carlson MBAs",,Low,
Värde Partners,Hedge Fund/PE,Minneapolis,MN,Midwest,N/A,"Alt credit, distressed",~$14B,"Credit investing",1,N/A,N/A,"Hires MBAs for Associate programs; recruits at Wharton, Chicago",,Low,
CarVal Investors,Hedge Fund,Minneapolis,MN,Midwest,N/A,"Distressed, credit",~$10B,"Special situations",2,N/A,N/A,"Ex-Cargill fund; hires with strong credit background (MBA + CPA/banking)",,Low,
Tudor Pickering Holt,Investment Banking,Houston,TX,Texas,N/A,"Energy-focused M&A",N/A,"Energy sector (oil & gas)",1,N/A,~70,"Leading energy IB (now part of Perella Weinberg); recruits MBAs from McCombs, Rice",,Low,
Stephens Inc.,Investment Banking,Dallas,TX,Texas,N/A,"Southwest deals",N/A,"Mid-market",2,N/A,N/A,"Little Rock-based with Dallas office; recruits from Texas and SEC schools",,Low,
HBK Capital Management,Hedge Fund,Dallas,TX,Texas,N/A,"Multi-strategy, arbitrage",~$10B,"Multi-strategy",2,N/A,N/A,"Occasionally hires exceptionally qualified MBAs (prior HF/sell-side experience)",,Low,
Corriente Advisors,Hedge Fund,Fort Worth,TX,Texas,N/A,"Global macro",N/A,"Macro",3,N/A,N/A,"Led by Mark Hart; occasionally hires analysts with strong economics",,Low,
Q Investments,Hedge Fund/PE,Fort Worth,TX,Texas,N/A,"Distressed, special situations",$1B+,"Hybrid HF/PE",2,N/A,N/A,"Known to hire and train young talent from UT Austin, TCU; intense culture",,Low,
Balyasny Asset Management (TX),Hedge Fund,Austin/Dallas,TX,Texas,N/A,"Multi-strategy",N/A,"Multi-strategy",2,N/A,N/A,"Expanded in Texas; posts openings for sector analysts; MBAs with experience",,Low,
Crow Holdings,Family Office,Dallas,TX,Texas,N/A,"Real estate, PE, hedge funds",N/A,"Diversified asset manager",1,N/A,N/A,"Trammell Crow family office; hires MBAs for real estate PE and development",,Low,"Recruits from Texas MBA programs"
Hunt Investment Group,Family Office,Dallas,TX,Texas,N/A,"Energy, real estate, venture",N/A,"Family office",2,N/A,N/A,"Ray Hunt family; likely hires energy-focused MBAs (Texas A&M, UT)",,Low,
Perot Investments,Family Office,Dallas,TX,Texas,N/A,"Tech, real estate, PE",N/A,"Family office with venture arm (Perot Jain)",2,N/A,N/A,"Occasionally posts analyst/associate roles; prefers military/tech backgrounds",,Low,
Mercury Fund,Venture Capital,Houston,TX,Texas,N/A,"SaaS, data science in Midcontinent",N/A,"Early-stage",2,N/A,N/A,"Partner in Utah; has hired MBA interns from Rice, UT Austin",,Low,
Five Elms Capital,Private Equity,Kansas City,MO,Midwest,N/A,"B2B software/SaaS",~$700M,"Growth equity",2,N/A,N/A,"Recruits analysts from KU/KSU or Chicago bankers; MBA hires from regional schools",,Low,
Great Range Capital,Private Equity,Kansas City,MO,Midwest,N/A,"Kansas/Midwest companies",~$200M,"Lower mid-market",3,2010,~6,"Founded by KC natives; occasionally hires (Kansas, Mizzou MBAs)",,Low,
Koch Disruptive Technologies,Corporate Venture,Wichita,KS,Midwest,N/A,"Growth-stage tech, industrial innovation",N/A,"Venture/PE",1,N/A,N/A,"Koch Industries arm; hires MBAs (especially engineering + MBA from MIT, Chicago)",,Low,
Drive Capital,Venture Capital,Columbus,OH,Midwest,N/A,"Rise of the Rest regions",$1B+,"Multi-stage",1,N/A,N/A,"Ex-Sequoia partners; has hired multiple MBAs with Midwest connections",,Low,
Rev1 Ventures,Venture Capital,Columbus,OH,Midwest,N/A,"Startup studio + VC",N/A,"Early-stage",3,N/A,N/A,"Connected to Ohio State; MBA grads can join EIR program",,Low,
Walton Enterprises,Family Office,Bentonville,AR,Midwest,N/A,"PE funds, energy investments",N/A,"Multi-billion family office",3,N/A,N/A,"Walmart heirs; quietly hires seasoned investors; not entry-level",,Low,
Piper Group International,Investment Banking,Portland,OR,PNW,N/A,Middle-market sell-side,N/A,National,3,N/A,N/A,"40+ years old; emphasizes improving clients' positions",,Low,
The London Manhattan Co.,Investment Banking,Portland,OR,PNW,N/A,"Complex financings, restructurings",N/A,N/A,3,N/A,N/A,,,Low,
Madison Street Capital,Investment Banking,Portland,OR,PNW,N/A,Middle-market corporate finance,N/A,N/A,3,N/A,N/A,"MSC-BD division presence in PDX",,Low,
Drake Star Partners,Investment Banking,San Francisco,CA,Bay Area,N/A,"Tech, healthcare M&A",N/A,N/A,2,N/A,N/A,,,Low,
AGC Partners,Investment Banking,San Francisco,CA,Bay Area,N/A,Tech M&A,N/A,N/A,2,N/A,N/A,"West Coast team",,Low,
RA Capital Advisors,Investment Banking,San Diego,CA,San Diego,raca.com,Sell-side M&A,N/A,"First-time sellers",2,N/A,N/A,"Ex-Drexel banker Ken Lodwig founded; very selective",,Low,
Objective Capital Partners,Investment Banking,San Diego,CA,San Diego,objectiveibv.com,Lower middle-market M&A,N/A,"500+ deals",2,2006,N/A,"M&A advisory and valuation; SoCal focus",,Low,"Might recruit from UCSD, USD"
W Partners,Investment Banking,San Diego,CA,San Diego,wpartners.com,Boutique M&A,N/A,"M&A, capital solutions",3,N/A,N/A,"Also Utah presence",,Low,
JCF Capital Markets,Investment Banking,San Diego,CA,San Diego,N/A,M&A boutique,N/A,N/A,3,N/A,<10,,,Low,
Claiborne Advisors,Investment Banking,San Diego,CA,San Diego,N/A,M&A boutique,N/A,N/A,3,N/A,<10,,,Low,
Colonnade,Investment Banking,Phoenix,AZ,Southwest,N/A,Financial services M&A,N/A,N/A,3,N/A,N/A,,,Low,
HGGC,Private Equity,Palo Alto,CA,Bay Area,hggc.com,"Tech, business services",~$4B,"Mid-market",1,N/A,N/A,"Co-founded by Steve Young; Utah (Silicon Slopes) focus",,Low,"Recruits MBAs with BYU/Utah connections"
Telegraph Hill Partners,Private Equity,San Francisco,CA,Bay Area,N/A,"Life sciences, medical tech",~$800M,Growth equity,2,2001,N/A,"Lean team with deep sector expertise",,Low,"Hires those with advanced science degrees + MBA"
Clearlake Capital,Private Equity,Santa Monica,CA,Los Angeles,clearlake.com,"Software, industrials",~$70B,Buyouts,1,N/A,N/A,"Top-performing PE; co-founded by José Feliciano (Stanford MBA)",,Low,"Recruits from top programs"
Platinum Equity,Private Equity,Beverly Hills,CA,Los Angeles,platinumequity.com,"Industrials, tech",~$25B,"Operational turnarounds",1,N/A,N/A,"Founded by Tom Gores",,Low,"Hires MBA associates"
OpenGate Capital,Private Equity,Los Angeles,CA,Los Angeles,opengatecapital.com,Lower middle-market,N/A,Turnarounds,3,N/A,N/A,"Lean team; TV Guide acquisition",,Low,"Opportunistic MBA hires"
Mosaic Capital,Private Equity,Los Angeles,CA,Los Angeles,N/A,"Media, tech",N/A,Growth equity,3,N/A,N/A,,,Low,
Phoenix Capital Partners,Private Equity,Phoenix,AZ,Southwest,N/A,Local LMM PE,N/A,N/A,3,N/A,N/A,,,Low,
SeaChange Fund,Venture Capital,Seattle,WA,PNW,N/A,Seattle startups,N/A,Angel/seed,3,N/A,N/A,,,Low,
Curious Capital,Venture Capital,Seattle,WA,PNW,N/A,Tech startups,N/A,N/A,3,N/A,N/A,"Spin-out from Curious Office incubator",,Low,
Unlock Venture Partners,Venture Capital,Seattle,WA,PNW,N/A,Tech startups,N/A,Seed,3,N/A,N/A,"Seattle & LA seed fund",,Low,
DCM Ventures,Venture Capital,Menlo Park,CA,Bay Area,dcm.com,"US-Asia cross-border",~$4B,Early-stage,1,N/A,N/A,"Recruits at Stanford GSB; hires pre-MBA associates",,Low,"Bilingual talent valued for US-Asia focus"
Sapphire Ventures,Venture Capital,Palo Alto,CA,Bay Area,sapphireventures.com,Enterprise tech,~$8B,"Series B+",1,N/A,~25,"Spun out of SAP; MBA summer associate program",,Low,"Actively hires MBA interns from Wharton, Harvard"
Moonshots Capital,Venture Capital,Los Angeles,CA,Los Angeles,N/A,Veteran-founded startups,~$40M,Seed,3,N/A,N/A,"GPs are ex-military MBAs",,Low,"Engages with UCLA Anderson veteran community"
Okapi Ventures,Venture Capital,Irvine,CA,Los Angeles,N/A,Seed VC,N/A,Seed,3,N/A,N/A,"Collaborates with UC Irvine MBA",,Low,
Section 32,Venture Capital,San Diego,CA,San Diego,N/A,"Life sciences, tech",~$400M,N/A,2,N/A,N/A,"Founded by ex-Google Ventures head Bill Maris",,Low,"Looks for MD/PhDs or experienced tech MBAs"
Avalon Ventures,Venture Capital,La Jolla,CA,San Diego,N/A,Life sciences,N/A,N/A,3,N/A,N/A,"Long-running fund",,Low,"Hires PhD scientists; MBAs with biotech experience"
Analytics Ventures,Venture Capital,San Diego,CA,San Diego,N/A,AI startups,N/A,Incubator/seed,3,N/A,N/A,"Lean team",,Low,"Has had MBA interns from UCSD Rady"
BoomStartup,Venture Capital,Utah,UT,Mountain West,N/A,Accelerator VC,N/A,Seed,3,N/A,N/A,"Similar to TechStars; accelerator program",,Low,"Offers fellowship for MBA students"
PHX Ventures,Venture Capital,Phoenix,AZ,Southwest,N/A,Tech startups,N/A,N/A,3,N/A,N/A,"Local serial entrepreneurs",,Low,
Arizona Tech Investors,Venture Capital,Phoenix,AZ,Southwest,N/A,Angel network,N/A,Angel/seed,3,N/A,N/A,,,Low,
Virgin Pulse Ventures,Venture Capital,Minneapolis,MN,Midwest,N/A,Healthtech,N/A,N/A,3,N/A,N/A,"Tied to Virgin Pulse; Mayo Clinic/UnitedHealth presence in MN",,Low,"Sometimes hires MBA interns"
Sentiero Ventures,Venture Capital,Dallas,TX,Texas,N/A,AI-focused,N/A,Seed,3,N/A,N/A,,,Low,
Cypress Growth Capital,Venture Capital,Dallas,TX,Texas,N/A,Royalty-based growth,N/A,Growth,3,N/A,N/A,,,Low,
Perot Jain,Venture Capital,Dallas,TX,Texas,N/A,Seed,N/A,Seed,3,N/A,N/A,"Ross Perot Jr. seed fund",,Low,
Summit Global,Hedge Fund,Portland,OR,PNW,N/A,Wealth advisory,N/A,N/A,3,N/A,N/A,"Bill Parish affiliated",,Low,
Broadmark Asset Management,Hedge Fund,Portland,OR,PNW,N/A,Long/short equity,~$1B,Tactical allocation,3,N/A,N/A,,,Low,"Might hire CFA/MBA as analyst"
Winton,Hedge Fund,San Francisco,CA,Bay Area,winton.com,Quantitative,~$10B+,"Systematic strategies",2,N/A,N/A,"UK-based; SF research office",,Low,"Hires quant PhDs; occasionally MBAs for strategy roles"
Coatue,Hedge Fund,Menlo Park,CA,Bay Area,coatue.com,Tech long/short,Multi-billion,N/A,1,N/A,N/A,"Tiger Cub tech fund",,Low,"Might hire MBAs with deep tech backgrounds (ex-engineers)"
Holocene Advisors,Hedge Fund,San Francisco,CA,Bay Area,N/A,OCIO/HF strategies,N/A,N/A,3,N/A,N/A,"Client-facing HF analytics",,Low,"Could be MBA employer"
Dalton Investments,Hedge Fund,Santa Monica,CA,Los Angeles,daltoninvestments.com,Value-oriented,~$3B,"Asia, emerging markets",2,N/A,~15,"Founded by Jamie Rosenwald",,Low,"Occasionally hires MBA grads with international value interest"
Axon Capital,Hedge Fund,San Diego,CA,San Diego,N/A,Long/short equity,N/A,"Consumer, tech",3,N/A,N/A,"Tiger cub alumnus",,Low,"If hiring, wants pre-MBA or very experienced MBAs"
Brandes Investment Partners,Asset Manager,San Diego,CA,San Diego,brandes.com,Global value equity,~$20B,Value investing,2,N/A,N/A,"Founded by Charles Brandes (Buffett disciple)",,Low,"Hires CFA/MBA types for research"
Granite Investment Partners,Hedge Fund,Denver,CO,Mountain West,N/A,Long-only with HF sleeve,N/A,N/A,3,N/A,N/A,,,Low,"Typically hires CFAs from local area"
Grandeur Peak Global Advisors,Asset Manager,Salt Lake City,UT,Mountain West,N/A,Global micro/mid-cap,~$6B,Equities,2,N/A,N/A,"Ex-Wasatch Funds PMs",,Low,"Often hire CFA/MBAs from BYU for analyst roles"
Wasatch Global Investors,Asset Manager,Salt Lake City,UT,Mountain West,wasatchglobal.com,Small-cap growth,~$30B,Mutual funds,2,N/A,N/A,"Marriott School pipeline",,Low,"Recruits MBAs for equity research"
Astor Investment Management,Hedge Fund,Chicago,IL,Midwest,N/A,Macro,~$2B,N/A,3,N/A,N/A,,,Low,"Occasionally hires quant MBAs for research economist roles"
Toronado Partners,Hedge Fund,Chicago,IL,Midwest,N/A,Long/short equity,N/A,"Value/quality focus",3,N/A,3-4,"Tiger Cub",,Low,"Might hire MBA with deep stock picking passion via idea pitches"
PEAK6 Investments,Hedge Fund,Chicago,IL,Midwest,peak6.com,"Options trading, venture",N/A,Hybrid,2,N/A,N/A,"Trading and venture incubator",,Low,"Hires many MBAs for non-traditional roles; recruits at Booth"
Wealth Advisors Trust Company,Trust Company,Sioux Falls,SD,Midwest,wealthadvisorstrust.com,UHNW directed trusts,N/A,Trust administration,3,N/A,20-30,,,Low,"MBAs may join for complex family portfolio coordination"
National Advisors Trust of SD,Trust Company,Sioux Falls,SD,Midwest,N/A,Trust services,N/A,Back-office,3,N/A,N/A,"Advisor-owned",,Low,"Minimal direct investing roles"
Peterson Ventures,Venture Capital,Salt Lake City,UT,Mountain West,N/A,Family VC arm,N/A,Seed,3,N/A,3-4,"Part of Peterson Partners; early Vivint Solar investor",,Low,"Often hiring from BYU/Utah networks"
Larry H. Miller Group,Family Office,Salt Lake City,UT,Mountain West,N/A,Diversified investments,N/A,N/A,3,N/A,N/A,"Car dealerships, Utah Jazz; Miller Ventures fund",,Low,"MBAs with corp dev/direct investing interest"
DNS Capital,Family Office,Chicago,IL,Midwest,N/A,Multi-billion FO,N/A,Direct investing,2,N/A,N/A,"Gigi Pritzker's family office",,Low,"Lean team of ex-consultants/bankers; hires occasionally from MBA programs"
Zell Family Office (EGI),Family Office,Chicago,IL,Midwest,N/A,"Real estate, energy, VC",N/A,N/A,2,N/A,N/A,"Sam Zell's investment arm (Equity Group Investments)",,Low,"Has hired MBAs for investment analyst roles; values entrepreneurial grit"
Crown Family (Henry Crown & Co.),Family Office,Chicago,IL,Midwest,N/A,"Defense, Aspen Ski Co",N/A,N/A,3,N/A,N/A,"Very private",,Low,"Hires via connections (Northwestern/Kellogg network)"
Wayzata Investment Partners,Family Office,Minneapolis,MN,Midwest,N/A,Distressed investing,N/A,N/A,3,N/A,N/A,"Cargill/MacMillan families",,Low,"May re-emerge; MBAs might find roles via connections"
Harrison Street,Private Equity,Chicago,IL,Midwest,harrisonst.com,Real estate PE,Multi-billion,Alt asset manager,2,N/A,N/A,"Started as family office",,Low,"Recruits MBAs in real estate PE roles"
